,Timestamp,Open,High,Low,Close,Volume
0,2020-01-01T00:00:00.000Z,7195.24,7255,7175.15,7200.85,16792.38817
1,2020-01-02T00:00:00.000Z,7200.77,7212.5,6924.74,6965.71,31951.48393
2,2020-01-03T00:00:00.000Z,6965.49,7405,6871.04,7344.96,68428.50045
3,2020-01-04T00:00:00.000Z,7345,7404,7272.21,7354.11,29987.97498
4,2020-01-05T00:00:00.000Z,7354.19,7495,7318,7358.75,38331.0856
5,2020-01-06T00:00:00.000Z,7357.64,7795.34,7346.76,7758,54635.69532
6,2020-01-07T00:00:00.000Z,7758.9,8207.68,7723.71,8145.28,91171.68466
7,2020-01-08T00:00:00.000Z,8145.92,8455,7870,8055.98,112622.6426
8,2020-01-09T00:00:00.000Z,8054.72,8055.96,7750,7817.76,64239.51983
9,2020-01-10T00:00:00.000Z,7817.74,8199,7672,8197.02,82406.77745
10,2020-01-11T00:00:00.000Z,8198.86,8286.34,8003.16,8020.01,54810.03267
11,2020-01-12T00:00:00.000Z,8020.01,8197,7960,8184.98,38131.49434
12,2020-01-13T00:00:00.000Z,8184.97,8196,8055.89,8110.34,31159.75568
13,2020-01-14T00:00:00.000Z,8110.34,8880,8105.54,8810.01,120399.1267
14,2020-01-15T00:00:00.000Z,8814.64,8916.48,8564,8821.41,84816.29761
15,2020-01-16T00:00:00.000Z,8820.01,8859.81,8586,8720.01,51991.07428
16,2020-01-17T00:00:00.000Z,8720.15,9041.65,8672.44,8913.28,70897.73738
17,2020-01-18T00:00:00.000Z,8913.27,8988.88,8806.38,8915.96,38294.74655
18,2020-01-19T00:00:00.000Z,8915.09,9198.98,8466,8701.7,70676.88926
19,2020-01-20T00:00:00.000Z,8701.72,8746.99,8521.28,8642.35,38896.63975
20,2020-01-21T00:00:00.000Z,8642.35,8789,8488,8736.03,36494.68766
21,2020-01-22T00:00:00.000Z,8736.04,8818,8590,8682.36,29080.55714
22,2020-01-23T00:00:00.000Z,8682.77,8691.81,8306.39,8404.52,48165.9446
23,2020-01-24T00:00:00.000Z,8404.52,8528.02,8238,8439,41687.52953
24,2020-01-25T00:00:00.000Z,8438.99,8451.26,8254.9,8340.58,25521.15793
25,2020-01-26T00:00:00.000Z,8340.01,8618.13,8293.66,8615,31130.48516
26,2020-01-27T00:00:00.000Z,8614.39,9000,8535,8907.57,53973.543
27,2020-01-28T00:00:00.000Z,8907.57,9400,8862.4,9374.21,74584.85377
28,2020-01-29T00:00:00.000Z,9375.34,9449.24,9216,9301.53,53864.06512
29,2020-01-30T00:00:00.000Z,9301.57,9578,9204.44,9513.21,60626.74426
30,2020-01-31T00:00:00.000Z,9511.52,9530.22,9210.01,9352.89,45552.02235
31,2020-02-01T00:00:00.000Z,9351.71,9464.53,9281,9384.61,28578.06735
32,2020-02-02T00:00:00.000Z,9384.41,9477.03,9120,9331.51,45690.91254
33,2020-02-03T00:00:00.000Z,9331.59,9618.79,9234,9292.24,50892.13345
34,2020-02-04T00:00:00.000Z,9291.35,9350,9093.01,9197.02,53308.17527
35,2020-02-05T00:00:00.000Z,9197.02,9744.45,9177.22,9612.04,64870.41562
36,2020-02-06T00:00:00.000Z,9612.03,9862.57,9526.35,9772,64949.70659
37,2020-02-07T00:00:00.000Z,9772,9885,9730,9813.73,43966.11463
38,2020-02-08T00:00:00.000Z,9813.87,9940,9667.11,9895.05,43600.84367
39,2020-02-09T00:00:00.000Z,9895.04,10166,9880.75,10151.75,43408.47562
40,2020-02-10T00:00:00.000Z,10151.72,10188,9756,9851.83,59573.08462
41,2020-02-11T00:00:00.000Z,9851.74,10323.59,9700,10223.08,62422.39522
42,2020-02-12T00:00:00.000Z,10223.08,10450,10223.08,10326.46,61008.06393
43,2020-02-13T00:00:00.000Z,10325.33,10500,10080,10229.63,79344.35876
44,2020-02-14T00:00:00.000Z,10227.78,10381.56,10111.37,10344.36,47038.48017
45,2020-02-15T00:00:00.000Z,10344.36,10375,9801,9904.72,57657.20295
46,2020-02-16T00:00:00.000Z,9904.46,10050,9638.12,9917.27,60023.99954
47,2020-02-17T00:00:00.000Z,9910.7,9964.16,9452.67,9706,70261.0119
48,2020-02-18T00:00:00.000Z,9706,10250,9576.01,10164.71,70604.12402
49,2020-02-19T00:00:00.000Z,10164.78,10250,9350,9593.79,55162.5869
50,2020-02-20T00:00:00.000Z,9594.65,9699,9400,9596.42,60152.34291
51,2020-02-21T00:00:00.000Z,9597.21,9755.51,9550.21,9677.05,42181.55452
52,2020-02-22T00:00:00.000Z,9677.05,9709.17,9560.02,9650.86,24636.75762
53,2020-02-23T00:00:00.000Z,9650.85,9990,9645,9936.4,37702.08984
54,2020-02-24T00:00:00.000Z,9936.4,9990,9473.56,9656.13,55796.59612
55,2020-02-25T00:00:00.000Z,9655.52,9675,9250,9315.84,54379.34455
56,2020-02-26T00:00:00.000Z,9316.48,9377.44,8633.63,8785.25,92130.34548
57,2020-02-27T00:00:00.000Z,8786,8971.77,8531,8823.21,72483.57876
58,2020-02-28T00:00:00.000Z,8823.25,8900,8445,8692.91,71155.20898
59,2020-02-29T00:00:00.000Z,8690.8,8790,8523.55,8523.61,36748.18304
60,2020-03-01T00:00:00.000Z,8523.61,8750,8411,8531.88,43892.20178
61,2020-03-02T00:00:00.000Z,8530.3,8965.75,8498,8915.24,60401.31773
62,2020-03-03T00:00:00.000Z,8911.18,8919.65,8651,8760.07,55154.99728
63,2020-03-04T00:00:00.000Z,8760.07,8848.29,8660,8750.87,38696.48258
64,2020-03-05T00:00:00.000Z,8750.99,9159.42,8746.54,9054.68,58201.86636
65,2020-03-06T00:00:00.000Z,9054.64,9170,8985.5,9131.88,43782.94804
66,2020-03-07T00:00:00.000Z,9130.89,9188,8835,8886.66,45422.20453
67,2020-03-08T00:00:00.000Z,8885.25,8886.76,8000,8033.31,77537.31517
68,2020-03-09T00:00:00.000Z,8034.76,8179.31,7632.01,7929.87,116968.8633
69,2020-03-10T00:00:00.000Z,7929.87,8149,7728.01,7894.56,86783.44388
70,2020-03-11T00:00:00.000Z,7894.57,7980,7590,7934.52,79942.41117
71,2020-03-12T00:00:00.000Z,7934.58,7966.17,4410,4800,261505.6087
72,2020-03-13T00:00:00.000Z,4800.01,5955,3782.13,5578.6,402201.6738
73,2020-03-14T00:00:00.000Z,5576.05,5640.52,5055.13,5172.06,136910.136
74,2020-03-15T00:00:00.000Z,5172.48,5940,5093.1,5361.3,139916.1465
75,2020-03-16T00:00:00.000Z,5360.33,5365.42,4442.12,5028.97,227276.9228
76,2020-03-17T00:00:00.000Z,5028.86,5525,4921.45,5312.64,150089.9263
77,2020-03-18T00:00:00.000Z,5312.64,5436.17,5009.37,5393.04,137127.6349
78,2020-03-19T00:00:00.000Z,5393.26,6400,5252.53,6162.37,199020.8734
79,2020-03-20T00:00:00.000Z,6162.05,6900,5670,6208.36,219298.3295
80,2020-03-21T00:00:00.000Z,6204.57,6456.98,5860.02,6186.98,128913.6684
81,2020-03-22T00:00:00.000Z,6187.04,6407.87,5734.01,5816.19,119115.9905
82,2020-03-23T00:00:00.000Z,5816.05,6600,5688,6467.31,164674.2158
83,2020-03-24T00:00:00.000Z,6465.25,6833,6371.33,6744.72,151138.0099
84,2020-03-25T00:00:00.000Z,6744.69,6957.96,6450,6677.43,132155.735
85,2020-03-26T00:00:00.000Z,6677.42,6780,6510,6737.36,83026.55521
86,2020-03-27T00:00:00.000Z,6737.27,6842.59,6261,6359.11,82914.96835
87,2020-03-28T00:00:00.000Z,6359.11,6360,6024,6236.65,93159.69343
88,2020-03-29T00:00:00.000Z,6236.65,6266,5866.56,5881.42,63311.62771
89,2020-03-30T00:00:00.000Z,5880.5,6599,5857.76,6394.38,118889.55
90,2020-03-31T00:00:00.000Z,6394.45,6523.23,6321.4,6410.44,72337.59526
91,2020-04-01T00:00:00.000Z,6412.14,6679.94,6150.11,6642.92,97500.7524
92,2020-04-02T00:00:00.000Z,6643.36,7198,6551,6794.09,149299.9069
93,2020-04-03T00:00:00.000Z,6793.86,7048,6602.1,6734.1,104080.2769
94,2020-04-04T00:00:00.000Z,6732.97,6990.41,6650.01,6856.99,72990.86114
95,2020-04-05T00:00:00.000Z,6857.41,6895.54,6677.52,6772.78,49685.35698
96,2020-04-06T00:00:00.000Z,6772.78,7355.14,6765,7329.9,118052.0008
97,2020-04-07T00:00:00.000Z,7329.9,7459.69,7077,7197.32,103585.1689
98,2020-04-08T00:00:00.000Z,7197.32,7420,7150,7361.28,76059.14584
99,2020-04-09T00:00:00.000Z,7360.26,7371.92,7108.08,7283.54,61094.87242
100,2020-04-10T00:00:00.000Z,7283.54,7295.75,6739.98,6858.92,104674.6234
101,2020-04-11T00:00:00.000Z,6858.92,6944.3,6760,6876.83,45470.29321
102,2020-04-12T00:00:00.000Z,6876.84,7177,6780,6903.79,73868.6665
103,2020-04-13T00:00:00.000Z,6903.79,6903.79,6575,6837.91,96415.47657
104,2020-04-14T00:00:00.000Z,6838.04,6978,6754.28,6868.7,69068.62329
105,2020-04-15T00:00:00.000Z,6868.57,6933,6605,6621.24,61571.38499
106,2020-04-16T00:00:00.000Z,6621.25,7190,6468.27,7101.94,125009.8575
107,2020-04-17T00:00:00.000Z,7101.99,7148.12,6972.98,7027.55,54126.50976
108,2020-04-18T00:00:00.000Z,7026.78,7293.08,7014.4,7248.6,49488.54282
109,2020-04-19T00:00:00.000Z,7248.6,7266.15,7055.6,7120.74,45664.86393
110,2020-04-20T00:00:00.000Z,7121.4,7220,6751,6826.83,90149.49137
111,2020-04-21T00:00:00.000Z,6828.98,6940,6762,6841.37,60109.71081
112,2020-04-22T00:00:00.000Z,6841.36,7156.38,6818,7125.14,61486.37733
113,2020-04-23T00:00:00.000Z,7125.12,7738,7020,7482.39,102773.5696
114,2020-04-24T00:00:00.000Z,7483.96,7615.96,7388,7505,60182.11994
115,2020-04-25T00:00:00.000Z,7505,7705,7431.07,7538.67,43874.42773
116,2020-04-26T00:00:00.000Z,7539.03,7700,7480,7693.1,50522.61621
117,2020-04-27T00:00:00.000Z,7693.1,7792.02,7606,7774.62,65441.33958
118,2020-04-28T00:00:00.000Z,7773.51,7780,7659.12,7738.98,46302.75264
119,2020-04-29T00:00:00.000Z,7738.58,8952.89,7710.05,8778.57,183546.8875
120,2020-04-30T00:00:00.000Z,8778.58,9460,8401,8620,206277.2141
121,2020-05-01T00:00:00.000Z,8620,9059.18,8613.56,8826.96,91468.81506
122,2020-05-02T00:00:00.000Z,8825.67,9010,8753,8972.05,59002.08755
123,2020-05-03T00:00:00.000Z,8972.58,9200,8712,8894.16,90126.06564
124,2020-05-04T00:00:00.000Z,8894.15,8950,8522,8871.96,84418.51233
125,2020-05-05T00:00:00.000Z,8871.92,9118.58,8760,9021.83,76480.76534
126,2020-05-06T00:00:00.000Z,9021.36,9395,8906.21,9142.92,105925.3024
127,2020-05-07T00:00:00.000Z,9143.4,10067,9021,9986.4,147154.6114
128,2020-05-08T00:00:00.000Z,9986.3,10035.96,9705,9800.01,100683.7964
129,2020-05-09T00:00:00.000Z,9800.02,9914.25,9520,9539.4,81950.67957
130,2020-05-10T00:00:00.000Z,9539.1,9574.83,8117,8722.77,183865.182
131,2020-05-11T00:00:00.000Z,8722.77,9168,8200,8561.52,168807.2518
132,2020-05-12T00:00:00.000Z,8562.04,8978.26,8528.78,8810.79,86522.78007
133,2020-05-13T00:00:00.000Z,8810.99,9398,8792.99,9309.37,92466.27402
134,2020-05-14T00:00:00.000Z,9309.35,9939,9256.76,9791.98,129565.3775
135,2020-05-15T00:00:00.000Z,9791.97,9845.62,9150,9316.42,115890.7615
136,2020-05-16T00:00:00.000Z,9315.96,9588,9220,9381.27,59587.62786
137,2020-05-17T00:00:00.000Z,9380.81,9888,9322.1,9680.04,68647.76432
138,2020-05-18T00:00:00.000Z,9681.11,9950,9464.23,9733.93,82006.60358
139,2020-05-19T00:00:00.000Z,9733.93,9897.21,9474,9775.53,78539.76045
140,2020-05-20T00:00:00.000Z,9775.13,9842,9326,9511.43,74923.73809
141,2020-05-21T00:00:00.000Z,9511.43,9578.47,8815,9068.65,108928.781
142,2020-05-22T00:00:00.000Z,9067.51,9271,8933.52,9170,58943.13102
143,2020-05-23T00:00:00.000Z,9170,9307.85,9070,9179.15,43526.29697
144,2020-05-24T00:00:00.000Z,9179.01,9298,8700,8720.34,70379.86645
145,2020-05-25T00:00:00.000Z,8718.14,8979.66,8642.72,8900.35,62833.91095
146,2020-05-26T00:00:00.000Z,8900.35,9017.67,8700,8841.18,58299.77014
147,2020-05-27T00:00:00.000Z,8841,9225,8811.73,9204.07,68910.35551
148,2020-05-28T00:00:00.000Z,9204.07,9625.47,9110,9575.89,74110.78766
149,2020-05-29T00:00:00.000Z,9575.87,9605.26,9330,9427.07,57374.36296
150,2020-05-30T00:00:00.000Z,9426.6,9740,9331.23,9697.72,55665.27254
151,2020-05-31T00:00:00.000Z,9697.72,9700,9381.41,9448.27,48333.7864
152,2020-06-01T00:00:00.000Z,9448.27,10380,9421.67,10200.77,76649.12696
153,2020-06-02T00:00:00.000Z,10202.71,10228.99,9266,9518.04,108970.7732
154,2020-06-03T00:00:00.000Z,9518.02,9690,9365.21,9666.24,46252.64494
155,2020-06-04T00:00:00.000Z,9666.32,9881.63,9450,9789.06,57456.10097
156,2020-06-05T00:00:00.000Z,9788.14,9854.75,9581,9621.16,47788.05005
157,2020-06-06T00:00:00.000Z,9621.17,9735,9531.05,9666.3,32752.95089
158,2020-06-07T00:00:00.000Z,9666.85,9802,9372.46,9746.99,57952.84839
159,2020-06-08T00:00:00.000Z,9746.99,9800,9633,9782.01,40664.66413
160,2020-06-09T00:00:00.000Z,9782,9877,9570,9772.43,46024.00129
161,2020-06-10T00:00:00.000Z,9772.44,9992.72,9704.18,9885,47130.76298
162,2020-06-11T00:00:00.000Z,9885.22,9964,9113,9280.4,94418.98473
163,2020-06-12T00:00:00.000Z,9278.88,9557.12,9232.51,9465.13,50119.06693
164,2020-06-13T00:00:00.000Z,9464.96,9494.73,9351,9473.34,27759.78485
165,2020-06-14T00:00:00.000Z,9473.34,9480.99,9245,9342.1,30055.50661
166,2020-06-15T00:00:00.000Z,9342.1,9495,8910.45,9426.02,86107.92471
167,2020-06-16T00:00:00.000Z,9426.05,9589,9373.09,9525.59,52052.44693
168,2020-06-17T00:00:00.000Z,9526.97,9565,9236.61,9465.14,48046.41115
169,2020-06-18T00:00:00.000Z,9465.13,9489,9280,9386.32,37381.95377
170,2020-06-19T00:00:00.000Z,9386.32,9438.3,9215.79,9310.23,45330.98367
171,2020-06-20T00:00:00.000Z,9310.23,9395,9170.95,9358.95,30329.06538
172,2020-06-21T00:00:00.000Z,9358.95,9422,9281.54,9294.69,24316.92623
173,2020-06-22T00:00:00.000Z,9294.69,9780,9277.09,9685.69,57895.46834
174,2020-06-23T00:00:00.000Z,9685.69,9720,9577.03,9624.89,41031.02938
175,2020-06-24T00:00:00.000Z,9624.33,9670,9208,9296.49,61571.56146
176,2020-06-25T00:00:00.000Z,9298.33,9340,9009.69,9249.49,55831.61916
177,2020-06-26T00:00:00.000Z,9249.49,9298,9045.45,9162.21,50292.29828
178,2020-06-27T00:00:00.000Z,9162.21,9196.24,8833,9012,46290.93011
179,2020-06-28T00:00:00.000Z,9012,9191,8948.06,9116.35,30688.17642
180,2020-06-29T00:00:00.000Z,9116.16,9238,9024.67,9192.56,42120.29326
181,2020-06-30T00:00:00.000Z,9192.93,9205,9064.89,9138.55,31463.1628
182,2020-07-01T00:00:00.000Z,9138.08,9292,9080.1,9232,38488.5287
183,2020-07-02T00:00:00.000Z,9231.99,9261.96,8940,9086.54,45725.16808
184,2020-07-03T00:00:00.000Z,9086.54,9125,9037.47,9058.26,28943.42018
185,2020-07-04T00:00:00.000Z,9057.79,9190,9040.04,9135.46,26441.96848
186,2020-07-05T00:00:00.000Z,9135,9145.24,8893.03,9069.41,34073.65363
187,2020-07-06T00:00:00.000Z,9069.41,9375,9055.92,9344.2,54463.13228
188,2020-07-07T00:00:00.000Z,9342.47,9379.42,9203,9257.39,34587.33668
189,2020-07-08T00:00:00.000Z,9257.4,9470,9231,9436.06,56140.51778
190,2020-07-09T00:00:00.000Z,9436.06,9440.79,9160,9232.43,48044.45065
191,2020-07-10T00:00:00.000Z,9232.42,9317.48,9125,9288.34,38295.49401
192,2020-07-11T00:00:00.000Z,9288.34,9299.28,9178.25,9234.03,22561.366
193,2020-07-12T00:00:00.000Z,9234.02,9345,9157.5,9302.75,30872.70229
194,2020-07-13T00:00:00.000Z,9303.31,9343.82,9200.89,9242.62,42740.06912
195,2020-07-14T00:00:00.000Z,9242.61,9279.54,9113,9255.85,45772.55251
196,2020-07-15T00:00:00.000Z,9255.85,9276.49,9160.57,9197.6,39053.57967
197,2020-07-16T00:00:00.000Z,9197.6,9226.15,9047.25,9133.72,43375.57119
198,2020-07-17T00:00:00.000Z,9133.72,9186.83,9089.81,9154.32,28054.35874
199,2020-07-18T00:00:00.000Z,9154.31,9219.3,9121.1,9170.28,22554.54146
200,2020-07-19T00:00:00.000Z,9170.3,9232.27,9101.35,9208.99,26052.01942
201,2020-07-20T00:00:00.000Z,9208.99,9221.52,9131,9160.78,35458.76408
202,2020-07-21T00:00:00.000Z,9160.78,9437.73,9152.8,9390,60413.58249
203,2020-07-22T00:00:00.000Z,9390,9544,9261,9518.16,48815.00411
204,2020-07-23T00:00:00.000Z,9518.16,9664,9440.33,9603.27,51856.2335
205,2020-07-24T00:00:00.000Z,9603.27,9637,9463.44,9537.8,43931.13621
206,2020-07-25T00:00:00.000Z,9538.1,9732.9,9513,9700.42,40679.54542
207,2020-07-26T00:00:00.000Z,9700.42,10111,9650,9931.54,65279.26932
208,2020-07-27T00:00:00.000Z,9931.54,11394.86,9917.21,11029.96,150188.9331
209,2020-07-28T00:00:00.000Z,11029.96,11242.23,10565,10906.27,97267.73419
210,2020-07-29T00:00:00.000Z,10906.27,11342.82,10812,11100.53,76838.09423
211,2020-07-30T00:00:00.000Z,11100.52,11170,10831,11099.61,60794.82646
212,2020-07-31T00:00:00.000Z,11099.79,11444,10960,11335.46,70063.66097
213,2020-08-01T00:00:00.000Z,11335.46,11861,11220,11801.17,85087.48513
214,2020-08-02T00:00:00.000Z,11801.17,12123.46,10518.5,11071.35,97553.0776
215,2020-08-03T00:00:00.000Z,11071.36,11473,10936,11219.81,56931.84148
216,2020-08-04T00:00:00.000Z,11219.68,11414.98,11000,11191.97,58629.11371
217,2020-08-05T00:00:00.000Z,11191.99,11780.93,11093,11744.91,74970.25685
218,2020-08-06T00:00:00.000Z,11744.91,11900,11562.5,11762.46,63529.08502
219,2020-08-07T00:00:00.000Z,11762.47,11909.94,11322,11594.23,65755.92602
220,2020-08-08T00:00:00.000Z,11594.36,11808.27,11512,11761.41,41858.16104
221,2020-08-09T00:00:00.000Z,11761.02,11797.11,11521.97,11681.68,41493.06734
222,2020-08-10T00:00:00.000Z,11681.69,12067.35,11450,11892.92,84952.33789
223,2020-08-11T00:00:00.000Z,11892.9,11935,11125,11392.08,90748.28463
224,2020-08-12T00:00:00.000Z,11392.09,11617.52,11150,11564.33,64909.61364
225,2020-08-13T00:00:00.000Z,11564.34,11792.96,11270.36,11780,70132.4915
226,2020-08-14T00:00:00.000Z,11779.77,11850,11634.03,11760.54,59818.8527
227,2020-08-15T00:00:00.000Z,11760.55,11980,11680,11852.4,56237.90505
228,2020-08-16T00:00:00.000Z,11852.4,11931.72,11686,11911,41368.23691
229,2020-08-17T00:00:00.000Z,11910.99,12468,11769.78,12281.13,84734.21154
230,2020-08-18T00:00:00.000Z,12281.15,12387.77,11817.93,11945.01,75923.83553
231,2020-08-19T00:00:00.000Z,11945.1,12020.08,11561,11754.59,73940.16961
232,2020-08-20T00:00:00.000Z,11754.38,11888,11668,11853.55,46085.25435
233,2020-08-21T00:00:00.000Z,11853.54,11878,11485.81,11531.34,64448.30614
234,2020-08-22T00:00:00.000Z,11531.23,11686,11376.81,11662.96,43678.70165
235,2020-08-23T00:00:00.000Z,11663.51,11718.07,11514.13,11648.13,37900.00469
236,2020-08-24T00:00:00.000Z,11648.12,11824.9,11585.09,11748.2,46212.39187
237,2020-08-25T00:00:00.000Z,11748.19,11767.85,11117.64,11318.42,69590.92327
238,2020-08-26T00:00:00.000Z,11318.42,11539.32,11244,11461.43,53998.23123
239,2020-08-27T00:00:00.000Z,11461.42,11592.2,11125,11330.38,63246.03638
240,2020-08-28T00:00:00.000Z,11330.38,11542.65,11276.89,11526.91,45953.90837
241,2020-08-29T00:00:00.000Z,11526.9,11580.02,11417.04,11465.84,32973.7992
242,2020-08-30T00:00:00.000Z,11465.84,11719,11458,11711.16,43177.87905
243,2020-08-31T00:00:00.000Z,11711.17,11800.77,11570,11649.51,55353.61774
244,2020-09-01T00:00:00.000Z,11649.51,12050.85,11515,11921.97,78148.19367
245,2020-09-02T00:00:00.000Z,11921.97,11954.57,11160.1,11388.54,87221.8456
246,2020-09-03T00:00:00.000Z,11388.54,11462.6,9960.8,10140.85,121950.106
247,2020-09-04T00:00:00.000Z,10138.29,10627.05,9875.5,10446.25,92733.59911
248,2020-09-05T00:00:00.000Z,10446.25,10565.68,9825,10166.69,90001.60557
249,2020-09-06T00:00:00.000Z,10166.69,10347.14,9994.86,10256.2,56368.78882
250,2020-09-07T00:00:00.000Z,10255.89,10410.75,9875,10373.44,62620.23068
251,2020-09-08T00:00:00.000Z,10373.45,10438,9850,10126.65,73491.87842
252,2020-09-09T00:00:00.000Z,10126.66,10343,9981.01,10219.2,49347.11378
253,2020-09-10T00:00:00.000Z,10219.29,10483.35,10070.83,10336.87,58253.75375
254,2020-09-11T00:00:00.000Z,10336.86,10397.6,10200,10387.89,43830.25447
255,2020-09-12T00:00:00.000Z,10387.89,10477.97,10269.25,10440.92,35379.1531
256,2020-09-13T00:00:00.000Z,10440.67,10580.11,10200,10332.83,43837.60987
257,2020-09-14T00:00:00.000Z,10332.84,10750,10212.34,10671.77,67059.29136
258,2020-09-15T00:00:00.000Z,10671.77,10930.04,10606.48,10785.31,61822.45279
259,2020-09-16T00:00:00.000Z,10785.23,11093,10661.22,10954.01,64991.51244
260,2020-09-17T00:00:00.000Z,10954.01,11045.46,10745.83,10939.99,55601.61453
261,2020-09-18T00:00:00.000Z,10940,11038.03,10812.84,10933.39,47266.72828
262,2020-09-19T00:00:00.000Z,10933.4,11179.79,10887.37,11080.65,38440.03686
263,2020-09-20T00:00:00.000Z,11080.64,11080.64,10723,10920.28,39157.92257
264,2020-09-21T00:00:00.000Z,10920.28,10988.86,10296.35,10417.22,70683.43118
265,2020-09-22T00:00:00.000Z,10417.22,10572.71,10353,10529.61,43991.23548
266,2020-09-23T00:00:00.000Z,10529.61,10537.15,10136.82,10241.46,51876.56808
267,2020-09-24T00:00:00.000Z,10241.46,10795.24,10190.93,10736.32,57676.61943
268,2020-09-25T00:00:00.000Z,10736.33,10760.53,10556.24,10686.67,48101.11701
269,2020-09-26T00:00:00.000Z,10686.57,10820.94,10644.68,10728.6,28420.83666
270,2020-09-27T00:00:00.000Z,10728.59,10799,10594.82,10774.25,30549.48325
271,2020-09-28T00:00:00.000Z,10774.26,10950,10626,10696.12,50095.25173
272,2020-09-29T00:00:00.000Z,10696.11,10867.54,10635.87,10840.48,41874.8984
273,2020-09-30T00:00:00.000Z,10840.58,10849.34,10665.13,10776.59,39596.02732
274,2020-10-01T00:00:00.000Z,10776.59,10920,10437,10619.13,60866.33289
275,2020-10-02T00:00:00.000Z,10619.13,10664.64,10374,10570.4,50130.39371
276,2020-10-03T00:00:00.000Z,10570.4,10603.56,10496.46,10542.06,22298.22134
277,2020-10-04T00:00:00.000Z,10542.07,10696.87,10517.87,10666.63,23212.0016
278,2020-10-05T00:00:00.000Z,10666.62,10798,10615.64,10792.21,34025.76165
279,2020-10-06T00:00:00.000Z,10792.2,10800,10525,10599.66,48674.74047
280,2020-10-07T00:00:00.000Z,10599.65,10681.87,10546.17,10666.39,32811.99028
281,2020-10-08T00:00:00.000Z,10666.4,10950,10530.41,10925.57,51959.69157
282,2020-10-09T00:00:00.000Z,10925.44,11104.64,10829,11050.64,48240.07324
283,2020-10-10T00:00:00.000Z,11050.64,11491,11050.51,11293.22,43648.03694
284,2020-10-11T00:00:00.000Z,11293.22,11445,11221,11369.02,29043.85134
285,2020-10-12T00:00:00.000Z,11369.02,11720.01,11172,11528.25,52825.28371
286,2020-10-13T00:00:00.000Z,11528.24,11557,11300,11420.56,42205.28371
287,2020-10-14T00:00:00.000Z,11420.57,11547.98,11280,11417.89,41415.10602
288,2020-10-15T00:00:00.000Z,11417.89,11617.34,11250.83,11505.12,48760.71768
289,2020-10-16T00:00:00.000Z,11505.13,11541.15,11200,11319.32,48797.7495
290,2020-10-17T00:00:00.000Z,11319.24,11402.42,11255,11360.2,22368.91524
291,2020-10-18T00:00:00.000Z,11360.31,11505,11346.22,11503.14,23284.04119
292,2020-10-19T00:00:00.000Z,11503.14,11823.99,11407.96,11751.47,47414.53469
293,2020-10-20T00:00:00.000Z,11751.46,12038.38,11677.59,11909.99,62134.75066
294,2020-10-21T00:00:00.000Z,11910,13217.68,11886.95,12780.96,114584.4568
295,2020-10-22T00:00:00.000Z,12780.75,13185,12678.08,12968.52,70038.82414
296,2020-10-23T00:00:00.000Z,12968.84,13027.69,12720.08,12923.07,50386.99984
297,2020-10-24T00:00:00.000Z,12923.06,13166.73,12870,13111.73,35952.20907
298,2020-10-25T00:00:00.000Z,13111.73,13350,12888,13028.83,38481.5795
299,2020-10-26T00:00:00.000Z,13029.64,13238.81,12765,13052.19,60951.67299
300,2020-10-27T00:00:00.000Z,13052.15,13789.29,13019.87,13636.17,80796.554
301,2020-10-28T00:00:00.000Z,13636.16,13859.48,12888,13266.4,94440.56123
302,2020-10-29T00:00:00.000Z,13266.4,13642.91,12920.77,13455.7,74872.60213
303,2020-10-30T00:00:00.000Z,13455.69,13669.98,13115,13560.1,70657.77888
304,2020-10-31T00:00:00.000Z,13560.1,14100,13411.5,13791,67339.23852
305,2020-11-01T00:00:00.000Z,13791,13895,13603,13761.5,36285.64853
306,2020-11-02T00:00:00.000Z,13761.49,13830,13195.05,13549.37,64566.42191
307,2020-11-03T00:00:00.000Z,13549.63,14066.11,13284.99,14023.53,74115.63079
308,2020-11-04T00:00:00.000Z,14023.53,14259,13525,14144.01,93016.98826
309,2020-11-05T00:00:00.000Z,14144.01,15750,14093.56,15590.02,143741.5227
310,2020-11-06T00:00:00.000Z,15590.02,15960,15166,15579.92,122618.1977
311,2020-11-07T00:00:00.000Z,15579.93,15753.52,14344.22,14818.3,101431.2066
312,2020-11-08T00:00:00.000Z,14818.3,15650,14703.88,15475.1,65547.17857
313,2020-11-09T00:00:00.000Z,15475.1,15840,14805.54,15328.41,108976.3341
314,2020-11-10T00:00:00.000Z,15328.41,15460,15072.46,15297.21,61681.91961
315,2020-11-11T00:00:00.000Z,15297.21,15965,15272.68,15684.24,78469.74646
316,2020-11-12T00:00:00.000Z,15684.25,16340.7,15440.64,16291.86,102196.3566
317,2020-11-13T00:00:00.000Z,16291.85,16480,15952.35,16320.7,75691.88101
318,2020-11-14T00:00:00.000Z,16320.04,16326.99,15670,16070.45,59116.34718
319,2020-11-15T00:00:00.000Z,16069.56,16180,15774.72,15957,43596.84151
320,2020-11-16T00:00:00.000Z,15957,16880,15864,16713.57,81300.67592
321,2020-11-17T00:00:00.000Z,16713.08,17858.82,16538,17659.38,115221.4031
322,2020-11-18T00:00:00.000Z,17659.38,18476.93,17214.45,17776.12,149019.7881
323,2020-11-19T00:00:00.000Z,17777.75,18179.8,17335.65,17802.82,93009.56101
324,2020-11-20T00:00:00.000Z,17802.81,18815.22,17740.04,18655.67,88423.01849
325,2020-11-21T00:00:00.000Z,18655.66,18965.9,18308.58,18703.8,75577.45839
326,2020-11-22T00:00:00.000Z,18703.8,18750,17610.86,18414.43,81645.73778
327,2020-11-23T00:00:00.000Z,18413.88,18766,18000,18368,82961.50609
328,2020-11-24T00:00:00.000Z,18368.01,19418.97,18018,19160.01,113581.5092
329,2020-11-25T00:00:00.000Z,19160,19484.21,18500.27,18719.11,93266.57689
330,2020-11-26T00:00:00.000Z,18718.83,18915.03,16188,17149.47,181005.2467
331,2020-11-27T00:00:00.000Z,17149.47,17457.62,16438.08,17139.52,85297.02479
332,2020-11-28T00:00:00.000Z,17139.53,17880.49,16865.56,17719.85,64910.69997
333,2020-11-29T00:00:00.000Z,17719.84,18360.05,17517,18184.99,55329.0163
334,2020-11-30T00:00:00.000Z,18185,19863.16,18184.99,19695.87,115463.4669
335,2020-12-01T00:00:00.000Z,19695.87,19888,18001.12,18764.96,127698.7627
336,2020-12-02T00:00:00.000Z,18764.96,19342,18330,19204.09,75911.01348
337,2020-12-03T00:00:00.000Z,19204.08,19598,18867.2,19421.9,66689.39128
338,2020-12-04T00:00:00.000Z,19422.34,19527,18565.31,18650.52,71283.6682
339,2020-12-05T00:00:00.000Z,18650.51,19177,18500,19147.66,42922.74857
340,2020-12-06T00:00:00.000Z,19147.66,19420,18857,19359.4,37043.09186
341,2020-12-07T00:00:00.000Z,19358.67,19420.91,18902.88,19166.9,41372.29629
342,2020-12-08T00:00:00.000Z,19166.9,19294.84,18200,18324.11,61626.94761
343,2020-12-09T00:00:00.000Z,18324.11,18639.57,17650,18541.28,79585.5538
344,2020-12-10T00:00:00.000Z,18541.29,18557.32,17911.12,18254.63,52890.67509
345,2020-12-11T00:00:00.000Z,18254.81,18292.73,17572.33,18036.53,72610.72426
346,2020-12-12T00:00:00.000Z,18036.53,18948.66,18020.7,18808.69,49519.97843
347,2020-12-13T00:00:00.000Z,18808.69,19411,18711.12,19174.99,56560.82174
348,2020-12-14T00:00:00.000Z,19174.99,19349,19000,19273.14,47257.20129
349,2020-12-15T00:00:00.000Z,19273.69,19570,19050,19426.43,61834.36601
350,2020-12-16T00:00:00.000Z,19426.43,21560,19278.6,21335.52,114306.3356
351,2020-12-17T00:00:00.000Z,21335.52,23800,21230,22797.16,184882.4767
352,2020-12-18T00:00:00.000Z,22797.15,23285.18,22350,23107.39,79646.13432
353,2020-12-19T00:00:00.000Z,23107.39,24171.47,22750,23821.61,86045.06468
354,2020-12-20T00:00:00.000Z,23821.6,24295,23060,23455.52,76690.14569
355,2020-12-21T00:00:00.000Z,23455.54,24102.77,21815,22719.71,88030.29724
356,2020-12-22T00:00:00.000Z,22719.88,23837.1,22353.4,23810.79,87033.12616
357,2020-12-23T00:00:00.000Z,23810.79,24100,22600,23232.76,119047.2597
358,2020-12-24T00:00:00.000Z,23232.39,23794.43,22703.42,23729.2,69013.83425
359,2020-12-25T00:00:00.000Z,23728.99,24789.86,23433.6,24712.47,79519.94357
360,2020-12-26T00:00:00.000Z,24712.47,26867.03,24500,26493.39,97806.51339
361,2020-12-27T00:00:00.000Z,26493.4,28422,25700,26281.66,148455.5862
362,2020-12-28T00:00:00.000Z,26281.54,27500,26101,27079.41,79721.7425
363,2020-12-29T00:00:00.000Z,27079.42,27410,25880,27385,69411.59261
364,2020-12-30T00:00:00.000Z,27385,28996,27320,28875.54,95356.05783
365,2020-12-31T00:00:00.000Z,28875.55,29300,27850,28923.63,75508.50515
366,2021-01-01T00:00:00.000Z,28923.63,29600,28624.57,29331.69,54182.92501
367,2021-01-02T00:00:00.000Z,29331.7,33300,28946.53,32178.33,129993.8734
368,2021-01-03T00:00:00.000Z,32176.45,34778.11,31962.99,33000.05,120957.5668
369,2021-01-04T00:00:00.000Z,33000.05,33600,28130,31988.71,140899.8857
370,2021-01-05T00:00:00.000Z,31989.75,34360,29900,33949.53,116049.997
371,2021-01-06T00:00:00.000Z,33949.53,36939.21,33288,36769.36,127139.2013
372,2021-01-07T00:00:00.000Z,36769.36,40365,36300,39432.28,132825.7004
373,2021-01-08T00:00:00.000Z,39432.48,41950,36500,40582.81,139789.9575
374,2021-01-09T00:00:00.000Z,40586.96,41380,38720,40088.22,75785.97968
375,2021-01-10T00:00:00.000Z,40088.22,41350,35111.11,38150.02,118209.5445
376,2021-01-11T00:00:00.000Z,38150.02,38264.74,30420,35404.47,249131.5399
377,2021-01-12T00:00:00.000Z,35410.37,36628,32531,34051.24,133948.152
378,2021-01-13T00:00:00.000Z,34049.15,37850,32380,37371.38,124477.9149
379,2021-01-14T00:00:00.000Z,37371.38,40100,36701.23,39144.5,102950.3894
380,2021-01-15T00:00:00.000Z,39145.21,39747.76,34408,36742.22,118300.9209
381,2021-01-16T00:00:00.000Z,36737.43,37950,35357.8,35994.98,86348.43151
382,2021-01-17T00:00:00.000Z,35994.98,36852.5,33850,35828.61,80157.72738
383,2021-01-18T00:00:00.000Z,35824.99,37469.83,34800,36631.27,70698.11875
384,2021-01-19T00:00:00.000Z,36622.46,37850,35844.06,35891.49,79611.30777
385,2021-01-20T00:00:00.000Z,35901.94,36415.31,33400,35468.23,89368.42292
386,2021-01-21T00:00:00.000Z,35468.23,35600,30071,30850.13,131803.1829
387,2021-01-22T00:00:00.000Z,30851.99,33826.53,28850,32945.17,142971.684
388,2021-01-23T00:00:00.000Z,32950,33456,31390.16,32078,64595.28768
389,2021-01-24T00:00:00.000Z,32078,33071,30900,32259.9,57978.03797
390,2021-01-25T00:00:00.000Z,32259.45,34875,31910,32254.2,88499.22692
391,2021-01-26T00:00:00.000Z,32254.19,32921.88,30837.37,32467.77,84972.20691
392,2021-01-27T00:00:00.000Z,32464.01,32557.29,29241.72,30366.15,95911.96171
393,2021-01-28T00:00:00.000Z,30362.19,33783.98,29842.1,33364.86,92621.14562
394,2021-01-29T00:00:00.000Z,33368.18,38531.9,31915.4,34252.2,231827.0056
395,2021-01-30T00:00:00.000Z,34246.28,34933,32825,34262.88,84889.68134
396,2021-01-31T00:00:00.000Z,34262.89,34342.69,32171.67,33092.98,68742.28038
397,2021-02-01T00:00:00.000Z,33092.97,34717.27,32296.16,33526.37,82718.27688
398,2021-02-02T00:00:00.000Z,33517.09,35984.33,33418,35466.24,78056.65988
399,2021-02-03T00:00:00.000Z,35472.71,37662.63,35362.38,37618.87,80784.33366
400,2021-02-04T00:00:00.000Z,37620.26,38708.27,36161.95,36936.66,92080.7359
401,2021-02-05T00:00:00.000Z,36936.65,38310.12,36570,38290.24,66681.33428
402,2021-02-06T00:00:00.000Z,38289.32,40955.51,38215.94,39186.94,98757.31118
403,2021-02-07T00:00:00.000Z,39181.01,39700,37351,38795.69,84363.67976
404,2021-02-08T00:00:00.000Z,38795.69,46794.45,37988.89,46374.87,138597.5369
405,2021-02-09T00:00:00.000Z,46374.86,48142.19,44961.09,46420.42,115499.8617
406,2021-02-10T00:00:00.000Z,46420.42,47310,43727,44807.58,97154.1822
407,2021-02-11T00:00:00.000Z,44807.58,48678.9,43994.02,47969.51,89561.08145
408,2021-02-12T00:00:00.000Z,47968.66,48985.8,46125,47287.6,85870.0357
409,2021-02-13T00:00:00.000Z,47298.15,48150,46202.53,47153.69,63768.0974
410,2021-02-14T00:00:00.000Z,47156.78,49707.43,47014.17,48577.79,73735.47553
411,2021-02-15T00:00:00.000Z,48580.47,49010.92,45570.79,47911.1,79398.15678
412,2021-02-16T00:00:00.000Z,47911.1,50689.18,47003.62,49133.45,88813.2663
413,2021-02-17T00:00:00.000Z,49133.45,52618.74,48947,52119.71,85743.63782
414,2021-02-18T00:00:00.000Z,52117.67,52530,50901.9,51552.6,60758.04695
415,2021-02-19T00:00:00.000Z,51552.61,56368,50710.2,55906,79659.77802
416,2021-02-20T00:00:00.000Z,55906,57700.46,53863.93,55841.19,80948.20531
417,2021-02-21T00:00:00.000Z,55841.19,58352.8,55477.59,57408.57,58166.70851
418,2021-02-22T00:00:00.000Z,57412.35,57508.47,47622,54087.67,134019.4349
419,2021-02-23T00:00:00.000Z,54087.67,54183.59,44892.56,48891,169375.0251
420,2021-02-24T00:00:00.000Z,48891,51374.99,46988.69,49676.2,91881.20925
421,2021-02-25T00:00:00.000Z,49676.21,52041.73,46674.34,47073.73,83310.67312
422,2021-02-26T00:00:00.000Z,47073.73,48424.11,44106.78,46276.87,109423.2007
423,2021-02-27T00:00:00.000Z,46276.88,48394,45000,46106.43,66060.83429
424,2021-02-28T00:00:00.000Z,46103.67,46638.46,43000,45135.66,83055.36904
425,2021-03-01T00:00:00.000Z,45134.11,49790,44950.53,49587.03,85086.11165
426,2021-03-02T00:00:00.000Z,49595.76,50200,47047.6,48440.65,64221.06214
427,2021-03-03T00:00:00.000Z,48436.61,52640,48100.71,50349.37,81035.91371
428,2021-03-04T00:00:00.000Z,50349.37,51773.88,47500,48374.09,82649.71683
429,2021-03-05T00:00:00.000Z,48374.09,49448.93,46300,48751.71,78192.49637
430,2021-03-06T00:00:00.000Z,48746.81,49200,47070,48882.2,44399.23424
431,2021-03-07T00:00:00.000Z,48882.2,51450.03,48882.2,50971.75,55235.02803
432,2021-03-08T00:00:00.000Z,50959.11,52402.78,49274.67,52375.17,66987.35966
433,2021-03-09T00:00:00.000Z,52375.18,54895,51789.41,54884.5,71656.73708
434,2021-03-10T00:00:00.000Z,54874.67,57387.69,53005,55851.59,84749.23894
435,2021-03-11T00:00:00.000Z,55851.59,58150,54272.82,57773.16,81914.81286
436,2021-03-12T00:00:00.000Z,57773.15,58081.51,54962.84,57221.72,73405.40605
437,2021-03-13T00:00:00.000Z,57221.72,61844,56078.23,61188.39,83245.09135
438,2021-03-14T00:00:00.000Z,61188.38,61724.79,58966.78,58968.31,52601.05275
439,2021-03-15T00:00:00.000Z,58976.08,60633.43,54600,55605.2,102771.4273
440,2021-03-16T00:00:00.000Z,55605.2,56938.29,53271.34,56900.75,77986.69436
441,2021-03-17T00:00:00.000Z,56900.74,58974.73,54123.69,58912.97,70421.62084
442,2021-03-18T00:00:00.000Z,58912.97,60129.97,57023,57648.16,66580.40668
443,2021-03-19T00:00:00.000Z,57641,59468,56270.74,58030.01,52392.65296
444,2021-03-20T00:00:00.000Z,58030.01,59880,57820.17,58102.28,44476.94178
445,2021-03-21T00:00:00.000Z,58100.02,58589.1,55450.11,57351.56,48564.47027
446,2021-03-22T00:00:00.000Z,57351.56,58430.73,53650,54083.25,62581.62617
447,2021-03-23T00:00:00.000Z,54083.25,55830.9,53000,54340.89,59789.36543
448,2021-03-24T00:00:00.000Z,54342.8,57200,51700,52303.65,83537.46502
449,2021-03-25T00:00:00.000Z,52303.66,53287,50427.56,51293.78,87400.53454
450,2021-03-26T00:00:00.000Z,51293.78,55073.46,51214.6,55025.59,63813.77469
451,2021-03-27T00:00:00.000Z,55025.59,56700.36,53950,55817.14,50105.47506
452,2021-03-28T00:00:00.000Z,55817.14,56559.75,54691.84,55777.63,39050.38751
453,2021-03-29T00:00:00.000Z,55777.65,58405.82,54800.01,57635.47,67857.9374
454,2021-03-30T00:00:00.000Z,57635.46,59368,57071.35,58746.57,55122.44312
455,2021-03-31T00:00:00.000Z,58746.57,59800,56769,58740.55,60975.54267
456,2021-04-01T00:00:00.000Z,58739.46,59490,57935.45,58720.44,47415.61722
457,2021-04-02T00:00:00.000Z,58720.45,60200,58428.57,58950.01,47382.41878
458,2021-04-03T00:00:00.000Z,58950.01,59791.72,56880,57051.94,47409.85211
459,2021-04-04T00:00:00.000Z,57051.95,58492.85,56388,58202.01,41314.08197
460,2021-04-05T00:00:00.000Z,58202.01,59272,56777.77,59129.99,54258.01579
461,2021-04-06T00:00:00.000Z,59129.99,59495.24,57413.02,57991.15,54201.00073
462,2021-04-07T00:00:00.000Z,57990.03,58655,55473,55953.45,71228.40566
463,2021-04-08T00:00:00.000Z,55953.44,58153.31,55700,58077.52,44283.14702
464,2021-04-09T00:00:00.000Z,58077.52,58894.9,57654,58142.54,40831.88491
465,2021-04-10T00:00:00.000Z,58142.55,61500,57900.01,59769.13,69906.42412
466,2021-04-11T00:00:00.000Z,59769.13,60699,59232.52,60002.43,41156.71539
467,2021-04-12T00:00:00.000Z,59998.8,61300,59350.59,59860,56375.03712
468,2021-04-13T00:00:00.000Z,59860.01,63777.77,59805.15,63575,82848.68875
469,2021-04-14T00:00:00.000Z,63575.01,64854,61301,62959.53,82616.34399
470,2021-04-15T00:00:00.000Z,62959.53,63800,62020,63159.98,51649.70034
471,2021-04-16T00:00:00.000Z,63158.74,63520.61,60000,61334.8,91764.13988
472,2021-04-17T00:00:00.000Z,61334.81,62506.05,59580.91,60006.66,58912.25613
473,2021-04-18T00:00:00.000Z,60006.67,60499,50931.3,56150.01,124882.1318
474,2021-04-19T00:00:00.000Z,56150.01,57526.81,54221.58,55633.14,78229.04227
475,2021-04-20T00:00:00.000Z,55633.14,57076.24,53329.96,56425,72744.48215
476,2021-04-21T00:00:00.000Z,56425,56757.91,53536.02,53787.63,66984.75691
477,2021-04-22T00:00:00.000Z,53787.62,55521.48,50500,51690.96,104656.6313
478,2021-04-23T00:00:00.000Z,51690.95,52131.85,47500,51125.14,132230.7807
479,2021-04-24T00:00:00.000Z,51110.56,51166.22,48657.14,50047.84,55361.51257
480,2021-04-25T00:00:00.000Z,50047.84,50567.91,46930,49066.77,58255.645
481,2021-04-26T00:00:00.000Z,49066.76,54356.62,48753.44,54001.39,86310.80212
482,2021-04-27T00:00:00.000Z,54001.38,55460,53222,55011.97,54064.03468
483,2021-04-28T00:00:00.000Z,55011.97,56428,53813.16,54846.22,55130.45902
484,2021-04-29T00:00:00.000Z,54846.23,55195.84,52330.94,53555,52486.01946
485,2021-04-30T00:00:00.000Z,53555,57963,53013.01,57694.27,68578.91005
486,2021-05-01T00:00:00.000Z,57697.25,58458.07,56956.14,57800.37,42600.35184
487,2021-05-02T00:00:00.000Z,57797.35,57911.02,56035.25,56578.21,36812.87886
488,2021-05-03T00:00:00.000Z,56578.21,58981.44,56435,57169.39,57649.93129
489,2021-05-04T00:00:00.000Z,57169.39,57200,53046.69,53200.01,85324.6259
490,2021-05-05T00:00:00.000Z,53205.05,58069.82,52900,57436.11,77263.92344
491,2021-05-06T00:00:00.000Z,57436.11,58360,55200,56393.68,70181.67191
492,2021-05-07T00:00:00.000Z,56393.68,58650,55241.63,57314.75,74542.74783
493,2021-05-08T00:00:00.000Z,57315.49,59500,56900,58862.05,69709.90603
494,2021-05-09T00:00:00.000Z,58866.53,59300,56235.66,58240.84,69806.11991
495,2021-05-10T00:00:00.000Z,58240.83,59500,53400,55816.14,89586.34925
496,2021-05-11T00:00:00.000Z,55816.14,56862.43,54370,56670.02,64329.54055
497,2021-05-12T00:00:00.000Z,56670.02,58000.01,48600,49631.32,99842.78984
498,2021-05-13T00:00:00.000Z,49537.15,51367.19,46000,49670.97,147332.0021
499,2021-05-14T00:00:00.000Z,49671.92,51483,48799.75,49841.45,80082.20431
500,2021-05-15T00:00:00.000Z,49844.16,50700,46555,46762.99,89437.44936
501,2021-05-16T00:00:00.000Z,46762.99,49795.89,43825.39,46431.5,114269.8128
502,2021-05-17T00:00:00.000Z,46426.83,46686,42001,43538.04,166657.1727
503,2021-05-18T00:00:00.000Z,43538.02,45799.29,42250.02,42849.78,116979.8608
504,2021-05-19T00:00:00.000Z,42849.78,43584.9,30000,36690.09,354347.2432
505,2021-05-20T00:00:00.000Z,36671.23,42451.67,34850,40526.64,203017.5969
506,2021-05-21T00:00:00.000Z,40525.39,42200,33488,37252.01,202100.8883
507,2021-05-22T00:00:00.000Z,37263.35,38829,35200.62,37449.73,126542.2437
508,2021-05-23T00:00:00.000Z,37458.51,38270.64,31111.01,34655.25,217136.0466
509,2021-05-24T00:00:00.000Z,34681.44,39920,34031,38796.29,161630.894
510,2021-05-25T00:00:00.000Z,38810.99,39791.77,36419.62,38324.72,111996.2284
511,2021-05-26T00:00:00.000Z,38324.72,40841,37800.44,39241.91,104780.7734
512,2021-05-27T00:00:00.000Z,39241.92,40411.14,37134.27,38529.98,86547.15879
513,2021-05-28T00:00:00.000Z,38529.99,38877.83,34684,35663.49,135377.6297
514,2021-05-29T00:00:00.000Z,35661.79,37338.58,33632.76,34605.15,112663.0927
515,2021-05-30T00:00:00.000Z,34605.15,36488,33379,35641.27,73535.38697
516,2021-05-31T00:00:00.000Z,35641.26,37499,34153.84,37253.81,94160.73529
517,2021-06-01T00:00:00.000Z,37253.82,37894.81,35666,36693.09,81234.66377
518,2021-06-02T00:00:00.000Z,36694.85,38225,35920,37568.68,67587.3725
519,2021-06-03T00:00:00.000Z,37568.68,39476,37170,39246.79,75889.10601
520,2021-06-04T00:00:00.000Z,39246.78,39289.07,35555.15,36829,91317.79925
521,2021-06-05T00:00:00.000Z,36829.15,37925,34800,35513.2,70459.62149
522,2021-06-06T00:00:00.000Z,35516.07,36480,35222,35796.31,47650.20664
523,2021-06-07T00:00:00.000Z,35796.31,36900,33300,33552.79,77574.95257
524,2021-06-08T00:00:00.000Z,33556.96,34068.01,31000,33380.81,123251.189
525,2021-06-09T00:00:00.000Z,33380.8,37534.79,32396.82,37388.05,136607.5975
526,2021-06-10T00:00:00.000Z,37388.05,38491,35782,36675.72,109527.2849
527,2021-06-11T00:00:00.000Z,36677.83,37680.4,35936.77,37331.98,78466.0053
528,2021-06-12T00:00:00.000Z,37331.98,37463.63,34600.36,35546.11,87717.54999
529,2021-06-13T00:00:00.000Z,35546.12,39380,34757,39020.57,86921.02556
530,2021-06-14T00:00:00.000Z,39020.56,41064.05,38730,40516.29,108522.3919
531,2021-06-15T00:00:00.000Z,40516.28,41330,39506.4,40144.04,80679.62284
532,2021-06-16T00:00:00.000Z,40143.8,40527.14,38116.01,38349.01,87771.97694
533,2021-06-17T00:00:00.000Z,38349,39559.88,37365,38092.97,79541.30712
534,2021-06-18T00:00:00.000Z,38092.97,38202.84,35129.29,35819.84,95228.04294
535,2021-06-19T00:00:00.000Z,35820.48,36457,34803.52,35483.72,68712.44946
536,2021-06-20T00:00:00.000Z,35483.72,36137.72,33336,35600.16,89878.17085
537,2021-06-21T00:00:00.000Z,35600.17,35750,31251.23,31608.93,168778.8732
538,2021-06-22T00:00:00.000Z,31614.12,33298.78,28805,32509.56,204208.1798
539,2021-06-23T00:00:00.000Z,32509.56,34881,31683,33678.07,126966.1006
540,2021-06-24T00:00:00.000Z,33675.07,35298,32286.57,34663.09,86625.80426
541,2021-06-25T00:00:00.000Z,34663.08,35500,31275,31584.45,116061.1304
542,2021-06-26T00:00:00.000Z,31576.09,32730,30151,32283.65,107820.3753
543,2021-06-27T00:00:00.000Z,32283.65,34749,31973.45,34700.34,96613.24421
544,2021-06-28T00:00:00.000Z,34702.49,35297.71,33862.72,34494.89,82222.26782
545,2021-06-29T00:00:00.000Z,34494.89,36600,34225.43,35911.73,90788.79622
546,2021-06-30T00:00:00.000Z,35911.72,36100,34017.55,35045,77152.19763
547,2021-07-01T00:00:00.000Z,35045,35057.57,32711,33504.69,71708.26611
548,2021-07-02T00:00:00.000Z,33502.33,33977.04,32699,33786.55,56172.18138
549,2021-07-03T00:00:00.000Z,33786.54,34945.61,33316.73,34669.13,43044.57864
550,2021-07-04T00:00:00.000Z,34669.12,35967.85,34357.15,35286.51,43703.47579
551,2021-07-05T00:00:00.000Z,35288.13,35293.78,33125.55,33690.14,64123.87425
552,2021-07-06T00:00:00.000Z,33690.15,35118.88,33532,34220.01,58210.59635
553,2021-07-07T00:00:00.000Z,34220.02,35059.09,33777.77,33862.12,53807.52168
554,2021-07-08T00:00:00.000Z,33862.11,33929.64,32077,32875.71,70136.48032
555,2021-07-09T00:00:00.000Z,32875.71,34100,32261.07,33815.81,47153.9399
556,2021-07-10T00:00:00.000Z,33815.81,34262,33004.78,33502.87,34761.17547
557,2021-07-11T00:00:00.000Z,33502.87,34666,33306.47,34258.99,31572.64745
558,2021-07-12T00:00:00.000Z,34259,34678.43,32658.34,33086.63,48181.40376
559,2021-07-13T00:00:00.000Z,33086.94,33340,32202.25,32729.77,41126.36101
560,2021-07-14T00:00:00.000Z,32729.12,33114.03,31550,32820.02,46777.82348
561,2021-07-15T00:00:00.000Z,32820.03,33185.25,31133,31880,51639.57635
562,2021-07-16T00:00:00.000Z,31874.49,32249.18,31020,31383.87,48499.86415
563,2021-07-17T00:00:00.000Z,31383.86,31955.92,31164.31,31520.07,34012.24213
564,2021-07-18T00:00:00.000Z,31520.07,32435,31108.97,31778.56,35923.71619
565,2021-07-19T00:00:00.000Z,31778.57,31899,30407.44,30839.65,47340.4685
566,2021-07-20T00:00:00.000Z,30839.65,31063.07,29278,29790.35,61034.04902
567,2021-07-21T00:00:00.000Z,29790.34,32858,29482.61,32144.51,82796.26513
568,2021-07-22T00:00:00.000Z,32144.51,32591.35,31708,32287.83,46148.09243
569,2021-07-23T00:00:00.000Z,32287.58,33650,31924.32,33634.09,50112.86363
570,2021-07-24T00:00:00.000Z,33634.1,34500,33401.14,34258.14,47977.55014
571,2021-07-25T00:00:00.000Z,34261.51,35398,33851.12,35381.02,47852.92831
572,2021-07-26T00:00:00.000Z,35381.02,40550,35205.78,37237.6,152452.5127
573,2021-07-27T00:00:00.000Z,37241.33,39542.61,36383,39457.87,88397.26702
574,2021-07-28T00:00:00.000Z,39456.61,40900,38772,40019.56,101344.5284
575,2021-07-29T00:00:00.000Z,40019.57,40640,39200,40016.48,53998.43928
576,2021-07-30T00:00:00.000Z,40018.49,42316.71,38313.23,42206.37,73602.78481
577,2021-07-31T00:00:00.000Z,42206.36,42448,41000.15,41461.83,44849.79101
578,2021-08-01T00:00:00.000Z,41461.84,42599,39422.01,39845.44,53953.18633
579,2021-08-02T00:00:00.000Z,39850.27,40480.01,38690,39147.82,50837.35195
580,2021-08-03T00:00:00.000Z,39146.86,39780,37642.03,38207.05,57117.43585
581,2021-08-04T00:00:00.000Z,38207.04,39969.66,37508.56,39723.18,52329.35243
582,2021-08-05T00:00:00.000Z,39723.17,41350,37332.7,40862.46,84343.75562
583,2021-08-06T00:00:00.000Z,40862.46,43392.43,39853.86,42836.87,75753.94135
584,2021-08-07T00:00:00.000Z,42836.87,44700,42446.41,44572.54,73396.74081
585,2021-08-08T00:00:00.000Z,44572.54,45310,43261,43794.37,69329.0927
586,2021-08-09T00:00:00.000Z,43794.36,46454.15,42779,46253.4,74587.88485
587,2021-08-10T00:00:00.000Z,46248.87,46700,44589.46,45584.99,53814.64342
588,2021-08-11T00:00:00.000Z,45585,46743.47,45341.14,45511,52734.90198
589,2021-08-12T00:00:00.000Z,45510.67,46218.12,43770,44399,55266.10878
590,2021-08-13T00:00:00.000Z,44400.06,47886,44217.39,47800,48239.37043
591,2021-08-14T00:00:00.000Z,47799.99,48144,45971.03,47068.51,46114.35902
592,2021-08-15T00:00:00.000Z,47068.5,47372.27,45500,46973.82,42110.71133
593,2021-08-16T00:00:00.000Z,46973.82,48053.83,45660,45901.29,52480.57401
594,2021-08-17T00:00:00.000Z,45901.3,47160,44376,44695.95,57039.34163
595,2021-08-18T00:00:00.000Z,44695.95,46000,44203.28,44705.29,54099.41599
596,2021-08-19T00:00:00.000Z,44699.37,47033,43927.7,46760.62,53411.75392
597,2021-08-20T00:00:00.000Z,46760.62,49382.99,46622.99,49322.47,56850.35223
598,2021-08-21T00:00:00.000Z,49322.47,49757.04,48222,48821.87,46745.13658
599,2021-08-22T00:00:00.000Z,48821.88,49500,48050,49239.22,37007.8878
600,2021-08-23T00:00:00.000Z,49239.22,50500,49029,49488.85,52462.54195
601,2021-08-24T00:00:00.000Z,49488.85,49860,47600,47674.01,51014.59475
602,2021-08-25T00:00:00.000Z,47674.01,49264.3,47126.28,48973.32,44655.83034
603,2021-08-26T00:00:00.000Z,48973.32,49352.84,46250,46843.87,49371.27777
604,2021-08-27T00:00:00.000Z,46843.86,49149.93,46348,49069.9,42068.10497
605,2021-08-28T00:00:00.000Z,49069.9,49299,48346.88,48895.35,26681.06379
606,2021-08-29T00:00:00.000Z,48895.35,49632.27,47762.54,48767.83,32652.28347
607,2021-08-30T00:00:00.000Z,48767.84,48888.61,46853,46982.91,40288.35083
608,2021-08-31T00:00:00.000Z,46982.91,48246.11,46700,47100.89,48645.52737
609,2021-09-01T00:00:00.000Z,47100.89,49156,46512,48810.52,49904.65528
610,2021-09-02T00:00:00.000Z,48810.51,50450.13,48584.06,49246.64,54410.77054
611,2021-09-03T00:00:00.000Z,49246.63,51000,48316.84,49999.14,59025.64416
612,2021-09-04T00:00:00.000Z,49998,50535.69,49370,49915.64,34664.65959
613,2021-09-05T00:00:00.000Z,49917.54,51900,49450,51756.88,40544.83587
614,2021-09-06T00:00:00.000Z,51756.88,52780,50969.33,52663.9,49249.66708
615,2021-09-07T00:00:00.000Z,52666.2,52920,42843.05,46863.73,123048.8027
616,2021-09-08T00:00:00.000Z,46868.57,47340.99,44412.02,46048.31,65069.3152
617,2021-09-09T00:00:00.000Z,46048.31,47399.97,45513.08,46395.14,50651.66002
618,2021-09-10T00:00:00.000Z,46395.14,47033,44132.29,44850.91,49048.26618
619,2021-09-11T00:00:00.000Z,44842.2,45987.93,44722.22,45173.69,30440.4081
620,2021-09-12T00:00:00.000Z,45173.68,46460,44742.06,46025.24,32094.28052
621,2021-09-13T00:00:00.000Z,46025.23,46880,43370,44940.73,65429.15056
622,2021-09-14T00:00:00.000Z,44940.72,47250,44594.44,47111.52,44855.85099
623,2021-09-15T00:00:00.000Z,47103.28,48500,46682.32,48121.41,43204.71174
624,2021-09-16T00:00:00.000Z,48121.4,48557,47021.1,47737.82,40725.08895
625,2021-09-17T00:00:00.000Z,47737.81,48150,46699.56,47299.98,34461.92776
626,2021-09-18T00:00:00.000Z,47299.98,48843.2,47035.56,48292.74,30906.47038
627,2021-09-19T00:00:00.000Z,48292.75,48372.83,46829.18,47241.75,29847.24349
628,2021-09-20T00:00:00.000Z,47241.75,47347.25,42500,43015.62,78003.52444
629,2021-09-21T00:00:00.000Z,43016.64,43639,39600,40734.38,84534.08049
630,2021-09-22T00:00:00.000Z,40734.09,44000.55,40565.39,43543.61,58349.05542
631,2021-09-23T00:00:00.000Z,43546.37,44978,43069.09,44865.26,48699.57655
632,2021-09-24T00:00:00.000Z,44865.26,45200,40675,42810.57,84113.42629
633,2021-09-25T00:00:00.000Z,42810.58,42966.84,41646.28,42670.64,33594.57189
634,2021-09-26T00:00:00.000Z,42670.63,43950,40750,43160.9,49879.99765
635,2021-09-27T00:00:00.000Z,43160.9,44350,42098,42147.35,39776.84383
636,2021-09-28T00:00:00.000Z,42147.35,42787.38,40888,41026.54,43372.2624
637,2021-09-29T00:00:00.000Z,41025.01,42590,40753.88,41524.28,33511.53487
638,2021-09-30T00:00:00.000Z,41524.29,44141.37,41410.17,43824.1,46381.22781
639,2021-10-01T00:00:00.000Z,43820.01,48495,43283.03,48141.61,66244.87492
640,2021-10-02T00:00:00.000Z,48141.6,48336.59,47430.18,47634.9,30508.98131
641,2021-10-03T00:00:00.000Z,47634.89,49228.08,47088,48200.01,30825.05601
642,2021-10-04T00:00:00.000Z,48200.01,49536.12,46891,49224.94,46796.49372
643,2021-10-05T00:00:00.000Z,49224.93,51886.3,49022.4,51471.99,52125.66793
644,2021-10-06T00:00:00.000Z,51471.99,55750,50382.41,55315,79877.54518
645,2021-10-07T00:00:00.000Z,55315,55332.31,53357,53785.22,54917.37766
646,2021-10-08T00:00:00.000Z,53785.22,56100,53617.61,53951.43,46160.25785
647,2021-10-09T00:00:00.000Z,53955.67,55489,53661.67,54949.72,55177.08013
648,2021-10-10T00:00:00.000Z,54949.72,56561.31,54080,54659,89237.83613
649,2021-10-11T00:00:00.000Z,54659.01,57839.04,54415.06,57471.35,52933.16575
650,2021-10-12T00:00:00.000Z,57471.35,57680,53879,55996.93,53471.2855
651,2021-10-13T00:00:00.000Z,55996.91,57777,54167.19,57367,55808.44492
652,2021-10-14T00:00:00.000Z,57370.83,58532.54,56818.05,57347.94,43053.33678
653,2021-10-15T00:00:00.000Z,57347.94,62933,56850,61672.42,82512.90802
654,2021-10-16T00:00:00.000Z,61672.42,62378.42,60150,60875.57,35467.88096
655,2021-10-17T00:00:00.000Z,60875.57,61718.39,58963,61528.33,39099.24124
656,2021-10-18T00:00:00.000Z,61528.32,62695.78,59844.45,62009.84,51798.44844
657,2021-10-19T00:00:00.000Z,62005.6,64486,61322.22,64280.59,53628.10774
658,2021-10-20T00:00:00.000Z,64280.59,67000,63481.4,66001.41,51428.93486
659,2021-10-21T00:00:00.000Z,66001.4,66639.74,62000,62193.15,68538.64537
660,2021-10-22T00:00:00.000Z,62193.15,63732.39,60000,60688.22,52119.35886
661,2021-10-23T00:00:00.000Z,60688.23,61747.64,59562.15,61286.75,27626.93678
662,2021-10-24T00:00:00.000Z,61286.75,61500,59510.63,60852.22,31226.57676
663,2021-10-25T00:00:00.000Z,60852.22,63710.63,60650,63078.78,36853.83806
664,2021-10-26T00:00:00.000Z,63078.78,63293.48,59817.55,60328.81,40217.50083
665,2021-10-27T00:00:00.000Z,60328.81,61496,58000,58413.44,62124.49016
666,2021-10-28T00:00:00.000Z,58413.44,62499,57820,60575.89,61056.35301
667,2021-10-29T00:00:00.000Z,60575.9,62980,60174.81,62253.71,43973.90414
668,2021-10-30T00:00:00.000Z,62253.7,62359.25,60673,61859.19,31478.12566
669,2021-10-31T00:00:00.000Z,61859.19,62405.3,59945.36,61299.8,39267.63794
670,2021-11-01T00:00:00.000Z,61299.81,62437.74,59405,60911.11,44687.66672
671,2021-11-02T00:00:00.000Z,60911.12,64270,60624.68,63219.99,46368.2841
672,2021-11-03T00:00:00.000Z,63220.57,63500,60382.76,62896.48,43336.09049
673,2021-11-04T00:00:00.000Z,62896.49,63086.31,60677.01,61395.01,35930.93314
674,2021-11-05T00:00:00.000Z,61395.01,62595.72,60721,60937.12,31604.48749
675,2021-11-06T00:00:00.000Z,60940.18,61560.49,60050,61470.61,25590.57408
676,2021-11-07T00:00:00.000Z,61470.62,63286.35,61322.78,63273.59,25515.6883
677,2021-11-08T00:00:00.000Z,63273.58,67789,63273.58,67525.83,54442.09455
678,2021-11-09T00:00:00.000Z,67525.82,68524.25,66222.4,66947.66,44661.37807
679,2021-11-10T00:00:00.000Z,66947.67,69000,62822.9,64882.43,65171.50405
680,2021-11-11T00:00:00.000Z,64882.42,65600.07,64100,64774.26,37237.98058
681,2021-11-12T00:00:00.000Z,64774.25,65450.7,62278,64122.23,44490.10816
682,2021-11-13T00:00:00.000Z,64122.22,65000,63360.22,64380,22504.97383
683,2021-11-14T00:00:00.000Z,64380.01,65550.51,63576.27,65519.1,25705.07347
684,2021-11-15T00:00:00.000Z,65519.11,66401.82,63400,63606.74,37829.37124
685,2021-11-16T00:00:00.000Z,63606.73,63617.31,58574.07,60058.87,77455.15609
686,2021-11-17T00:00:00.000Z,60058.87,60840.23,58373,60344.87,46289.38491
687,2021-11-18T00:00:00.000Z,60344.86,60976,56474.26,56891.62,62146.99931
688,2021-11-19T00:00:00.000Z,56891.62,58320,55600,58052.24,50715.88726
689,2021-11-20T00:00:00.000Z,58057.1,59845,57353,59707.51,33811.5901
690,2021-11-21T00:00:00.000Z,59707.52,60029.76,58486.65,58622.02,31902.22785
691,2021-11-22T00:00:00.000Z,58617.7,59444,55610,56247.18,51724.32047
692,2021-11-23T00:00:00.000Z,56243.83,58009.99,55317,57541.27,49917.85017
693,2021-11-24T00:00:00.000Z,57541.26,57735,55837,57138.29,39612.04964
694,2021-11-25T00:00:00.000Z,57138.29,59398.9,57000,58960.36,42153.51522
695,2021-11-26T00:00:00.000Z,58960.37,59150,53500,53726.53,65927.87066
696,2021-11-27T00:00:00.000Z,53723.72,55280,53610,54721.03,29716.99957
697,2021-11-28T00:00:00.000Z,54716.47,57445.05,53256.64,57274.88,36163.7137
698,2021-11-29T00:00:00.000Z,57274.89,58865.97,56666.67,57776.25,40125.28009
699,2021-11-30T00:00:00.000Z,57776.25,59176.99,55875.55,56950.56,49161.05194
700,2021-12-01T00:00:00.000Z,56950.56,59053.55,56458.01,57184.07,44956.63656
701,2021-12-02T00:00:00.000Z,57184.07,57375.47,55777.77,56480.34,37574.05976
702,2021-12-03T00:00:00.000Z,56484.26,57600,51680,53601.05,58927.69027
703,2021-12-04T00:00:00.000Z,53601.05,53859.1,42000.3,49152.47,114203.3737
704,2021-12-05T00:00:00.000Z,49152.46,49699.05,47727.21,49396.33,45580.82012
705,2021-12-06T00:00:00.000Z,49396.32,50891.11,47100,50441.92,58571.21575
706,2021-12-07T00:00:00.000Z,50441.91,51936.33,50039.74,50588.95,38253.46877
707,2021-12-08T00:00:00.000Z,50588.95,51200,48600,50471.19,38425.92466
708,2021-12-09T00:00:00.000Z,50471.19,50797.76,47320,47545.59,37692.68665
709,2021-12-10T00:00:00.000Z,47535.9,50125,46852,47140.54,44233.57391
710,2021-12-11T00:00:00.000Z,47140.54,49485.71,46751,49389.99,28889.19358
711,2021-12-12T00:00:00.000Z,49389.99,50777,48638,50053.9,26017.93421
712,2021-12-13T00:00:00.000Z,50053.9,50189.97,45672.75,46702.75,50869.52093
713,2021-12-14T00:00:00.000Z,46702.76,48700.41,46290,48343.28,39955.98445
714,2021-12-15T00:00:00.000Z,48336.95,49500,46547,48864.98,51629.181
715,2021-12-16T00:00:00.000Z,48864.98,49436.43,47511,47632.38,31949.86739
716,2021-12-17T00:00:00.000Z,47632.38,47995.96,45456,46131.2,43104.4887
717,2021-12-18T00:00:00.000Z,46133.83,47392.37,45500,46834.48,25020.05271
718,2021-12-19T00:00:00.000Z,46834.47,48300.01,46406.91,46681.23,29305.70665
719,2021-12-20T00:00:00.000Z,46681.24,47537.57,45558.85,46914.16,35848.50609
720,2021-12-21T00:00:00.000Z,46914.17,49328.96,46630,48889.88,37713.92924
721,2021-12-22T00:00:00.000Z,48887.59,49576.13,48421.87,48588.16,27004.2022
722,2021-12-23T00:00:00.000Z,48588.17,51375,47920.42,50838.81,35192.54046
723,2021-12-24T00:00:00.000Z,50838.82,51810,50384.43,50820,31684.84269
724,2021-12-25T00:00:00.000Z,50819.99,51156.23,50142.32,50399.66,19135.51613
725,2021-12-26T00:00:00.000Z,50399.67,51280,49412,50775.49,22569.88914
726,2021-12-27T00:00:00.000Z,50775.48,52088,50449,50701.44,28783.57561
727,2021-12-28T00:00:00.000Z,50701.44,50704.05,47313.01,47543.74,45853.33924
728,2021-12-29T00:00:00.000Z,47543.74,48139.08,46096.99,46464.66,39498.87
729,2021-12-30T00:00:00.000Z,46464.66,47900,45900,47120.87,30352.29569
730,2021-12-31T00:00:00.000Z,47120.88,48548.26,45678,46216.93,34937.99796
731,2022-01-01T00:00:00.000Z,46216.93,47954.63,46208.37,47722.65,19604.46325
732,2022-01-02T00:00:00.000Z,47722.66,47990,46654,47286.18,18340.4604
733,2022-01-03T00:00:00.000Z,47286.18,47570,45696,46446.1,27662.0771
734,2022-01-04T00:00:00.000Z,46446.1,47557.54,45500,45832.01,35491.4136
735,2022-01-05T00:00:00.000Z,45832.01,47070,42500,43451.13,51784.11857
736,2022-01-06T00:00:00.000Z,43451.14,43816,42430.58,43082.31,38880.37305
737,2022-01-07T00:00:00.000Z,43082.3,43145.83,40610,41566.48,54836.50818
738,2022-01-08T00:00:00.000Z,41566.48,42300,40501,41679.74,32952.73111
739,2022-01-09T00:00:00.000Z,41679.74,42786.7,41200.02,41864.62,22724.39426
740,2022-01-10T00:00:00.000Z,41864.62,42248.5,39650,41822.49,50729.17019
741,2022-01-11T00:00:00.000Z,41822.49,43100,41268.93,42729.29,37296.43729
742,2022-01-12T00:00:00.000Z,42729.29,44322,42450,43902.66,33943.2928
743,2022-01-13T00:00:00.000Z,43902.65,44500,42311.22,42560.11,34910.87762
744,2022-01-14T00:00:00.000Z,42558.35,43448.78,41725.95,43059.96,32640.88292
745,2022-01-15T00:00:00.000Z,43059.96,43800,42555,43084.29,21936.05616
746,2022-01-16T00:00:00.000Z,43084.29,43475,42581.79,43071.66,20602.35271
747,2022-01-17T00:00:00.000Z,43071.66,43176.18,41540.42,42201.62,27562.08613
748,2022-01-18T00:00:00.000Z,42201.63,42691,41250,42352.12,29324.08257
749,2022-01-19T00:00:00.000Z,42352.12,42559.13,41138.56,41660.01,31685.72159
750,2022-01-20T00:00:00.000Z,41660,43505,40553.31,40680.91,42330.33953
751,2022-01-21T00:00:00.000Z,40680.92,41100,35440.45,36445.31,88860.892
752,2022-01-22T00:00:00.000Z,36445.31,36835.22,34008,35071.42,90471.33896
753,2022-01-23T00:00:00.000Z,35071.42,36499,34601.01,36244.55,44279.52354
754,2022-01-24T00:00:00.000Z,36244.55,37550,32917.17,36660.35,91904.75321
755,2022-01-25T00:00:00.000Z,36660.35,37545.14,35701,36958.32,49232.40183
756,2022-01-26T00:00:00.000Z,36958.32,38919.98,36234.63,36809.34,69830.16036
757,2022-01-27T00:00:00.000Z,36807.24,37234.47,35507.01,37160.1,53020.87934
758,2022-01-28T00:00:00.000Z,37160.11,38000,36155.01,37716.56,42154.26956
759,2022-01-29T00:00:00.000Z,37716.57,38720.74,37268.44,38166.84,26129.49682
760,2022-01-30T00:00:00.000Z,38166.83,38359.26,37351.63,37881.76,21430.66527
761,2022-01-31T00:00:00.000Z,37881.75,38744,36632.61,38466.9,36855.2458
762,2022-02-01T00:00:00.000Z,38466.9,39265.2,38000,38694.59,34574.44663
763,2022-02-02T00:00:00.000Z,38694.59,38855.92,36586.95,36896.36,35794.6813
764,2022-02-03T00:00:00.000Z,36896.37,37387,36250,37311.61,32081.10999
765,2022-02-04T00:00:00.000Z,37311.98,41772.33,37026.73,41574.25,64703.95874
766,2022-02-05T00:00:00.000Z,41571.7,41913.69,40843.01,41382.59,32532.34372
767,2022-02-06T00:00:00.000Z,41382.6,42656,41116.56,42380.87,22405.16704
768,2022-02-07T00:00:00.000Z,42380.87,44500.5,41645.85,43839.99,51060.62006
769,2022-02-08T00:00:00.000Z,43839.99,45492,42666,44042.99,64880.29387
770,2022-02-09T00:00:00.000Z,44043,44799,43117.92,44372.72,34428.16729
771,2022-02-10T00:00:00.000Z,44372.71,45821,43174.01,43495.44,62357.29091
772,2022-02-11T00:00:00.000Z,43495.44,43920,41938.51,42373.73,44975.1687
773,2022-02-12T00:00:00.000Z,42373.73,43079.49,41688.88,42217.87,26556.85681
774,2022-02-13T00:00:00.000Z,42217.87,42760,41870,42053.66,17732.08113
775,2022-02-14T00:00:00.000Z,42053.65,42842.4,41550.56,42535.94,34010.1306
776,2022-02-15T00:00:00.000Z,42535.94,44751.4,42427.03,44544.86,38095.19576
777,2022-02-16T00:00:00.000Z,44544.85,44549.97,43307,43873.56,28471.8727
778,2022-02-17T00:00:00.000Z,43873.56,44164.71,40073.21,40515.7,47245.99494
779,2022-02-18T00:00:00.000Z,40515.71,40959.88,39450,39974.44,43845.92241
780,2022-02-19T00:00:00.000Z,39974.45,40444.32,39639.03,40079.17,18042.0551
781,2022-02-20T00:00:00.000Z,40079.17,40125.44,38000,38386.89,33439.29011
782,2022-02-21T00:00:00.000Z,38386.89,39494.35,36800,37008.16,62347.68496
783,2022-02-22T00:00:00.000Z,37008.16,38429,36350,38230.33,53785.94589
784,2022-02-23T00:00:00.000Z,38230.33,39249.93,37036.79,37250.01,43560.732
785,2022-02-24T00:00:00.000Z,37250.02,39843,34322.28,38327.21,120476.2946
786,2022-02-25T00:00:00.000Z,38328.68,39683.53,38014.37,39219.17,56574.57125
787,2022-02-26T00:00:00.000Z,39219.16,40348.45,38573.18,39116.72,29361.2568
788,2022-02-27T00:00:00.000Z,39116.73,39855.7,37000,37699.07,46229.44719
789,2022-02-28T00:00:00.000Z,37699.08,44225.84,37450.17,43160,73945.63858
790,2022-03-01T00:00:00.000Z,43160,44949,42809.98,44421.2,61743.09873
791,2022-03-02T00:00:00.000Z,44421.2,45400,43334.09,43892.98,57782.65081
792,2022-03-03T00:00:00.000Z,43892.99,44101.12,41832.28,42454,50940.61021
793,2022-03-04T00:00:00.000Z,42454,42527.3,38550,39148.66,61964.68498
794,2022-03-05T00:00:00.000Z,39148.65,39613.24,38407.59,39397.96,30363.13341
795,2022-03-06T00:00:00.000Z,39397.97,39693.87,38088.57,38420.81,39677.26158
796,2022-03-07T00:00:00.000Z,38420.8,39547.57,37155,37988,63941.20316
797,2022-03-08T00:00:00.000Z,37988.01,39362.08,37867.65,38730.63,55528.43367
798,2022-03-09T00:00:00.000Z,38730.63,42594.06,38656.45,41941.71,67392.58799
799,2022-03-10T00:00:00.000Z,41941.7,42039.63,38539.73,39422,71950.25677
800,2022-03-11T00:00:00.000Z,39422.01,40236.26,38223.6,38729.57,59018.7642
801,2022-03-12T00:00:00.000Z,38729.57,39486.71,38660.52,38807.36,24034.36432
802,2022-03-13T00:00:00.000Z,38807.35,39310,37578.51,37777.34,32791.82359
803,2022-03-14T00:00:00.000Z,37777.35,39947.12,37555,39671.37,46945.45375
804,2022-03-15T00:00:00.000Z,39671.37,39887.61,38098.33,39280.33,46015.54926
805,2022-03-16T00:00:00.000Z,39280.33,41718,38828.48,41114,88120.76167
806,2022-03-17T00:00:00.000Z,41114.01,41478.82,40500,40917.9,37189.38087
807,2022-03-18T00:00:00.000Z,40917.89,42325.02,40135.04,41757.51,45408.00969
808,2022-03-19T00:00:00.000Z,41757.51,42400,41499.29,42201.13,29067.18108
809,2022-03-20T00:00:00.000Z,42201.13,42296.26,40911,41262.11,30653.33468
810,2022-03-21T00:00:00.000Z,41262.11,41544.22,40467.94,41002.25,39426.24877
811,2022-03-22T00:00:00.000Z,41002.26,43361,40875.51,42364.13,59454.94294
812,2022-03-23T00:00:00.000Z,42364.13,43025.96,41751.47,42882.76,40828.87039
813,2022-03-24T00:00:00.000Z,42882.76,44220.89,42560.46,43991.46,56195.12374
814,2022-03-25T00:00:00.000Z,43991.46,45094.14,43579,44313.16,54614.43648
815,2022-03-26T00:00:00.000Z,44313.16,44792.99,44071.97,44511.27,23041.61741
816,2022-03-27T00:00:00.000Z,44511.27,46999,44421.46,46827.76,41874.91071
817,2022-03-28T00:00:00.000Z,46827.76,48189.84,46663.56,47122.21,58949.2614
818,2022-03-29T00:00:00.000Z,47122.21,48096.47,46950.85,47434.8,36772.28457
819,2022-03-30T00:00:00.000Z,47434.79,47700.22,46445.42,47067.99,40947.2085
820,2022-03-31T00:00:00.000Z,47067.99,47600,45200,45510.34,48645.12667
821,2022-04-01T00:00:00.000Z,45510.35,46720.09,44200,46283.49,56271.06474
822,2022-04-02T00:00:00.000Z,46283.49,47213,45620,45811,37073.53582
823,2022-04-03T00:00:00.000Z,45810.99,47444.11,45530.92,46407.35,33394.67794
824,2022-04-04T00:00:00.000Z,46407.36,46890.71,45118,46580.51,44641.87514
825,2022-04-05T00:00:00.000Z,46580.5,47200,45353.81,45497.55,42192.74852
826,2022-04-06T00:00:00.000Z,45497.54,45507.14,43121,43170.47,60849.32936
827,2022-04-07T00:00:00.000Z,43170.47,43900.99,42727.35,43444.19,37396.54156
828,2022-04-08T00:00:00.000Z,43444.2,43970.62,42107.14,42252.01,42375.04203
829,2022-04-09T00:00:00.000Z,42252.02,42800,42125.48,42753.97,17891.66047
830,2022-04-10T00:00:00.000Z,42753.96,43410.3,41868,42158.85,22771.09403
831,2022-04-11T00:00:00.000Z,42158.85,42414.71,39200,39530.45,63560.44721
832,2022-04-12T00:00:00.000Z,39530.45,40699,39254.63,40074.94,57751.01778
833,2022-04-13T00:00:00.000Z,40074.95,41561.31,39588.54,41147.79,41342.27254
834,2022-04-14T00:00:00.000Z,41147.78,41500,39551.94,39942.38,36807.01401
835,2022-04-15T00:00:00.000Z,39942.37,40870.36,39766.4,40551.9,24026.35739
836,2022-04-16T00:00:00.000Z,40551.9,40709.35,39991.55,40378.71,15805.44718
837,2022-04-17T00:00:00.000Z,40378.7,40595.67,39546.17,39678.12,19988.49259
838,2022-04-18T00:00:00.000Z,39678.11,41116.73,38536.51,40801.13,54243.49575
839,2022-04-19T00:00:00.000Z,40801.13,41760,40571,41493.18,35788.85843
840,2022-04-20T00:00:00.000Z,41493.19,42199,40820,41358.19,40877.35041
841,2022-04-21T00:00:00.000Z,41358.19,42976,39751,40480.01,59316.27657
842,2022-04-22T00:00:00.000Z,40480.01,40795.06,39177,39709.18,46664.0196
843,2022-04-23T00:00:00.000Z,39709.19,39980,39285,39441.6,20291.42375
844,2022-04-24T00:00:00.000Z,39441.61,39940,38929.62,39450.13,26703.61186
845,2022-04-25T00:00:00.000Z,39450.12,40616,38200,40426.08,63037.12784
846,2022-04-26T00:00:00.000Z,40426.08,40797.31,37702.26,38112.65,66650.258
847,2022-04-27T00:00:00.000Z,38112.64,39474.72,37881.31,39069.31,56364.19547
